{
    "Multilabel - Descriptive features and Bag-of-Words": {
        "filter": {
            "threshold": 0,
            "before": 109912,
            "ratio": 1.0,
            "after": 109912
        },
        "descriptor": {
            "features": "data/input/multilabel/descriptive+BoW.txt",
            "name": "Multilabel - Descriptive features and Bag-of-Words",
            "labels": "data/input/multilabel/outcomes.txt",
            "min_threshold": 0
        },
        "methods": {
            "Decision Tree": {
                "time": {
                    "fit_time": 12.302407002449035,
                    "score_time": 0.10892143249511718
                },
                "seed": 123456,
                "test": {
                    "test_hamming_loss_std": 0.0019046840910302224,
                    "test_precision_std": 0.025327708934601633,
                    "test_coverage_error_std": 0.8306307811771223,
                    "test_label_ranking_loss_std": 0.01801640318307564,
                    "test_recall_std": 0.025065438643860124,
                    "test_zero_one_loss_std": 0.028550133377188903,
                    "test_average_precision_std": NaN,
                    "test_precision": 0.8839625876325728,
                    "test_f1_weighted_std": 0.02416367000295756,
                    "test_f1_weighted": 0.8702372238761275,
                    "test_recall": 0.8676143552092835,
                    "test_average_precision": NaN,
                    "test_acc_std": 0.028550133377188903,
                    "test_coverage_error": 6.240511691579103,
                    "test_jaccard_similarity_score": 0.8761123032904148,
                    "test_hamming_loss": 0.009800185428618687,
                    "test_zero_one_loss": 0.19364362882936215,
                    "test_jaccard_similarity_score_std": 0.01991553282877915,
                    "test_label_ranking_loss": 0.10145735239474338,
                    "test_acc": 0.8063563711706377
                },
                "train": {
                    "train_precision_std": 0.0,
                    "train_label_ranking_loss_std": 0.0,
                    "train_acc_std": 0.0,
                    "train_coverage_error": 1.355517697037207,
                    "train_f1_weighted_std": 0.0,
                    "train_f1_weighted": 1.0,
                    "train_jaccard_similarity_score_std": 0.0,
                    "train_zero_one_loss_std": 0.0,
                    "train_hamming_loss": 0.0,
                    "train_label_ranking_loss": 0.0,
                    "train_jaccard_similarity_score": 1.0,
                    "train_acc": 1.0,
                    "train_average_precision_std": NaN,
                    "train_recall_std": 0.0,
                    "train_hamming_loss_std": 0.0,
                    "train_average_precision": NaN,
                    "train_coverage_error_std": 0.004895617338624572,
                    "train_zero_one_loss": 0.0,
                    "train_precision": 1.0,
                    "train_recall": 1.0
                }
            }
        }
    }
}